roomid,userid,username
41128,1286,aandn
41128,1326,jholz
41128,1378,kgarw
41128,1437,wswaa
41128,1446,jwas3
41128,14562,pdoct
78329,1314,mgeor
78329,15112,mbenl
78329,54666,pmc2b
78329,67748,lhurl
78329,67754,tsm2f
88763,1430,dspe8
88763,48345,tost2
88763,66946,evazo
88763,87345,jshaq
88763,87346,twa26
88763,87347,sleck
88763,87348,sjo3p
88764,50906,jstfk
88764,50907,mkrug
88764,50917,wjoie
88764,241697,rmced
113534,6042082,nkuoa
113534,8250964,aralq
123666,42234,cgc3h
123666,67752,stalu
123666,81842,jchig
123666,90644,aroy1
123666,90661,bbaur
123666,90666,gwhit
123666,122968,mmckz
123666,122969,rpan3
123666,12780517,skhcv
136205,1348,mlaxa
136205,1358,jmaco
136205,1368,nneli
136205,1371,smeh2
136205,1387,sph99
136205,1393,dpaaf
136205,1417,dparquet
136205,1430,dspe8
136205,35812,lcaoa
136205,35863,snacw
136205,77421,jmullins
136205,80674,afar9
136205,134008,tclb1
169658,134957,jkooq
170179,352445,vouen
170471,42236,dbuia
170471,170480,pkulinsk
196100,1437,wswaa
196100,4109867,wwimf
196100,4879506,yhuab
209282,1286,aandn
209282,1446,jwas3
209282,214587,sdraw
209282,214588,AMOE0
209282,214589,sfosa
209282,214590,adank
209282,214591,MWASHING
220276,1314,mgeor
220276,15112,mbenl
220276,54666,pmc2b
220276,55731,lwhjc
220276,67710,mdefu
220276,67747,klin9
220276,67748,lhurl
220276,67754,tsm2f
220276,81295,ehenm
220276,87493,rkuch
220276,206041,gsong
220276,5423109,sgopt
242471,1339,kkenp
242471,70869,lleaf
281724,70869,lleaf
281724,87502,ssaqj
281724,128214,jcau4
281763,70869,lleaf
281763,126198,ngrin
281763,126201,pste4
281763,126356,dcarh
281763,126360,jje2i
281763,156114,pgrew
281763,350539,iboyd
281763,395511,vmc28
281763,788332,kneel
281763,788376,acz7x
281763,950190,rsauo
281764,1434,cstiw
281764,52282,ycotr
281764,54128,kmaher
281764,70869,lleaf
281764,74534,arom3
281764,95938,kwhju
281764,123209,jmcgy
281764,128214,jcau4
281764,1803883,kalmi
281779,1013,scone
281779,1286,aandn
281779,1320,acczc
281779,1434,cstiw
281779,70869,lleaf
281779,89035,rgaok
281779,89036,pgont
281779,89146,bredk
281782,70869,lleaf
281782,88162,batta
281782,88163,kfrae
281782,88164,jhzno
293796,1289,ttsan
293796,1312,jgarl
293796,1314,mgeor
293796,1371,smeh2
293796,1449,ayanc
293796,15333,iwhid
293796,15347,chani
293796,35812,lcaoa
293796,67711,dkot0
293796,67747,klin9
293796,67754,tsm2f
293796,81842,jchig
293796,82805,vkacz
293796,82809,bjaba
293796,82835,ashed
293796,87472,ckloc
293796,101742,jdume
293796,109237,ccams
293796,122968,mmckz
293796,255913,cdecl
293796,350827,gphim
293796,432754,akear
293796,432766,ssotp
293796,432782,nkums
293796,1072438,dyiaa
293796,5247076,sdewh
293796,5327380,skao4
400720,100758,kzaz0
400720,170480,pkulinsk
400720,241821,cboeh
400720,244633,vwa10
400720,244634,pupshaw
400720,244666,bcary
400720,244668,klatz
400720,244669,KRebo
400720,244670,CLSL5
400720,244679,tchb9
400720,244685,jpanella
400720,350513,lboab
400720,352169,dalfb
400720,355978,jwi38
400720,395373,dnasl
400720,7078862,dmina
420961,48161,kbryk
420961,48187,lmcdl
420961,48192,lvejs
420961,48253,pravr
420961,48265,rdora
420961,6259641,vanth
420961,6406504,mleoo
507671,54128,kmaher
507671,74545,isewani
507671,128214,jcau4
562394,85060,DWHITTLE
562394,87525,vgar8
562394,280453,bkana
789124,48188,lmcgq
903125,44336,ksansare
903125,2305008,ptha8
903125,5896493,jsurs
920312,89035,rgaok
920312,919667,gpatk
924653,123833,pmcce
924653,134957,jkooq
924653,181698,gsond
924653,294334,LMendez
924653,320264,kga32
924653,897115,mgrua
924653,924186,cbrua
924653,924188,mnanj
924653,924189,srayb
935528,1370,rconrad
935528,1434,cstiw
935528,15144,vgivb
935528,90100,tbucc
935528,228530,mnath
935528,231908,sali4
935528,350437,dbhbb
935528,350841,mcoul
935528,351024,mdilk
935528,351323,sgaba
935528,351463,vgoll
935528,351685,shegf
935528,352405,vkonb
935528,354300,kolsb
935528,354314,korek
935528,354556,spolc
935528,355052,acat2
935528,355117,Msc0R
935528,355492,rste0
935528,420521,jtost
935528,429625,clieg
935528,443460,lwart
935528,454151,tmali
935528,454224,dwegl
935528,818096,ndesk
935528,818110,mgibs
935528,818152,rkrje
935528,829501,gkocj
935528,881635,cwech
935528,910721,asci4
935528,912009,hpatf
935528,960803,rarcf
935528,1074038,psbm4
935528,1079548,jpoaf
935528,1099411,bdi2q
935528,1354092,asats
935528,1376733,ssapr
935528,2122794,apolp
935528,2209380,sleow
935528,3409327,kturw
935528,4658128,ACTJT
935528,5899265,jstcz
935528,6353234,sbak4
935528,7226810,kvala
935528,7392735,gbabu
935528,8333815,snaob
935528,10350117,llomo
935528,11404406,jstdb
941392,894775,sedeo
964596,1421,dscott
964596,47492,hvanb
964596,48188,lmcgq
964596,48345,tost2
964596,67752,stalu
964596,350946,ydav2
964596,355128,kscul
964596,921314,cbisc
964596,951805,OMercado
1086302,42236,dbuia
1086302,181568,rvenj
1163981,1367,cmck6
1174777,1307,ddel4
1174777,1338,bkelm
1174777,49204,acy2k
1174777,82807,cls7v
1174777,350198,ch1m5
1174777,351739,mhole
1174777,352933,jmeyers
1174777,354404,apard
1174777,4077601,esout
1174777,4077611,kboou
1174777,6212099,mgibh
1174777,10350117,llomo
1231904,1320,acczc
1231904,74931,yhpri
1245488,350381,gsoeder
1245488,1037483,pyedor
1356304,351525,ccava
1356304,884226,clebf
1356304,1181068,kbram
1356304,6404567,rsaaq
1387043,1437,wswaa
1387043,14874,emakdah
1387043,315642,gbri7
1387043,318806,ccasf
1387043,332945,sgaly
1387043,355361,jskem
1387043,3323720,sscjc
1414131,355562,mswes
1421478,1437,wswaa
1421478,355361,jskem
1456147,66878,tmorz
1456147,313264,kkarx
1456147,319571,itho3
1456147,319589,skany
1456147,350722,cchh6
1456147,354376,spaoi
1456147,959615,dpeco
1456147,7075498,rgrak
1457573,17308,marnt
1457573,1411290,bmckx
1457573,1420865,twi23
1587166,44336,ksansare
1587166,2815176,bcanf
1587166,9997630,sveok
1685702,352536,rmgaa
1709088,351116,bdonp
1709088,351244,efenn
1709088,354881,krinj
1709088,884153,rfrbm
1859166,1429,gsmi5
1859166,350167,salsv
1859166,351898,jjohz
1859166,351902,njohs
1859166,7929082,ajadf
1859166,7929125,vbeck
1859166,10350117,llomo
1876969,350167,salsv
1876969,354881,krinj
1876969,884153,rfrbm
1876969,1177004,Sjurewic
1910096,1396,cjy7w
1910096,1429,gsmi5
1910096,351902,njohs
1910096,354877,trijo
1910096,1176957,kchcy
1910096,1176975,rguqm
2006090,1229150,jdel8
2006090,1229169,whick
2006090,1229261,blest
2046784,42234,cgc3h
2046784,82842,rwa2g
2046784,87348,sjo3p
2046784,352441,jledl
2046784,352741,bmccm
2046784,355386,asmys
2267185,351579,pgus9
2267185,352933,jmeyers
2267185,355180,mshav
2283285,1438,mswef
2283285,313271,lsinq
2283285,351642,pha2o
2350814,1423,aselz
2358145,350596,Hsan8
2406867,1019,aajani
2467167,1307,ddel4
2469797,351017,kdicn
2469797,351825,hjac8
2469797,355115,mvock
2469797,1693092,stazy
2469797,1699086,trygi
2469797,3679553,dgatc
2541016,1451,pzap0
2541016,17308,marnt
2541016,66112,kbase
2541016,76286,dkrug
2541016,83596,smicu
2541016,85062,sandj
2541016,90100,tbucc
2541016,181699,salequin
2541016,355587,stalo
2541016,1272318,kvisw
2541016,5083347,ator9
2541016,5475717,ukriw
2541016,5582870,gdeld
2541016,5956474,cgatp
2541016,6089572,mpaal
2541016,6149524,sshk0
2541016,6174440,skutg
2568943,350194,pandn
2568943,351200,lengstro
2568943,351739,mhole
2568943,1134680,ABXTD
2568943,1458597,rhusv
2689644,351452,ggoeppin
2689644,355435,ebroe
2689644,1270557,jwate
2689644,1270598,RMI03
2689644,1881766,janno
2741996,44208,jhansen
2741996,350946,ydav2
2839325,1013,scone
2839325,352179,kkoho
2839325,352677,mmavv
2839325,354583,mpotv
2841097,1338,bkelm
2841097,1431,mst2z
2841097,49204,acy2k
2841097,336971,wiesemqp
2841097,350821,mconh
2841097,351129,sdouk
2841097,907911,bbeoc
2841097,6881663,apisf
2841097,10350117,llomo
2920301,350194,pandn
2920301,351200,lengstro
2920301,351739,mhole
2920301,1134680,ABXTD
2920301,1458597,rhusv
3137989,1013,scone
3137989,1307,ddel4
3137989,1439,Acrzh
3137989,1447,aando
3137989,49203,sfreg
3137989,49204,acy2k
3137989,10350117,llomo
3146229,74532,hmacn
3264763,350943,mdavy
3264763,351913,gjoaa
3264763,352166,mjobm
3264763,354559,Amoo6
3264763,354831,srah3
3264763,354906,jroda
3264763,355671,mrho2
3264763,355672,Jtibb
3264763,2077661,cpla3
3264763,2080152,mshaq
3327412,42870,tsonf
3327412,350671,mcatd
3327412,351134,eta3o
3327412,352520,tdo48
3327412,354583,mpotv
3487127,1424,dshih
3487127,42870,tsonf
3487127,352520,tdo48
3487127,354583,mpotv
3498913,350482,jblb9
3498913,355497,sstiv
3498913,3323720,sscjc
3618790,156115,gmulo
3618790,175729,epets
3618790,336971,wiesemqp
3618790,350821,mconh
3618790,351297,gfoxc
3618790,352847,mmciv
3618790,353073,smulh
3618790,353078,imulm
3618790,354557,ppolc
3618790,355513,ssuba
3618790,355525,msul1
3618790,7465175,ahutj
3618790,10838042,rpynd
3738053,350564,jbrinati
3738053,354354,mpalermo
3738053,355504,crodrigu
3738053,2138410,sboyina
3738053,2141327,ghutter
3738053,2142090,dbirk
3738053,2142165,sjairaj
3738053,2142479,tmcdo
3738053,2452116,bsobp
3738053,2469509,aferraro
3946160,350139,sakum
3946160,350685,schalla
3946160,351493,cgoro
3946160,355559,cswartze
3946160,2138410,sboyina
3946160,2138444,lraftis
3946160,2141342,seri4
3946160,2142090,dbirk
3946160,2452116,bsobp
4140634,1413,prudd
4140634,8046,dca3p
4140634,48151,jfrbe
4140634,48188,lmcgq
4140634,320264,kga32
4140634,350498,fbolb
4140634,351401,sgeorge1
4140634,351739,mhole
4140634,352039,akarv
4140634,354159,dnagd
4140634,354773,branc
4140634,850287,bauer
4140634,959356,PPURANIK
4140634,959615,dpeco
4140634,2211581,bcial
4140634,2707600,MGR2K
4140634,2928289,kspac
4140634,5511195,fperr
4140634,5511222,mkaes
4140634,5511274,sfazj
4140634,5722473,broln
4140634,6661033,ppri9
4140634,7058576,mpenn
4140634,7059352,jmian
4140634,7075656,jmoei
4140634,10350117,llomo
4180367,1306,jdehp
4180367,1434,cstiw
4180367,10350117,llomo
4239802,1317,cgon2
4239802,1342,lkinz
4239802,1391,jparz
4239802,1396,cjy7w
4239802,1431,mst2z
4239802,48142,gscao
4239802,49203,sfreg
4239802,83549,vyogc
4239802,350167,salsv
4239802,351373,jga2g
4239802,352678,pma2b
4239802,354681,eraff
4239802,354735,sralston
4239802,354912,croe5
4239802,355990,kth2f
4239802,897115,mgrua
4239802,1984912,nabdi
4239802,3270543,LPEART
4239802,3292247,pmcf8
4239802,3772268,bhelh
4239802,4035003,ksel2
4239802,6547948,jmcj6
4239802,7545994,skunv
4239802,7688006,akuqm
4239802,10350117,llomo
4240075,1437,wswaa
4240075,1446,jwas3
4240075,67752,stalu
4240075,241373,mzago
4240075,4688329,scoc8
4248094,1431,mst2z
4248094,15135,melai
4248094,49204,acy2k
4248094,10350117,llomo
4258467,1295,ctonn
4258467,1306,jdehp
4258467,10350117,llomo
4265385,1306,jdehp
4265385,1342,lkinz
4265385,1447,aando
4265385,49203,sfreg
4265385,49204,acy2k
4265385,7178369,mgasz
4265385,10350117,llomo
4285394,1317,cgon2
4285394,1431,mst2z
4285394,49204,acy2k
4285394,10350117,llomo
4291497,350860,lmoore1
4291497,351147,rduc6
4291497,351868,jjasa
4291497,355126,kscoy
4291497,355494,tsti2
4291497,1037483,pyedor
4410639,1397,lpetj
4410639,1413,prudd
4410639,8046,dca3p
4410639,48188,lmcgq
4410639,49204,acy2k
4410639,332940,tches
4410639,351827,cmccf
4410639,352413,lyola
4410639,352856,mmckc
4410639,355688,dtohi
4410639,356003,nwray
4410639,7178369,mgasz
4410639,7226814,hmalo
4410639,10350117,llomo
4411021,1424,dshih
4411383,1424,dshih
4411383,10350117,llomo
4419243,1324,hmcgi
4419243,1338,bkelm
4419243,10350117,llomo
4447924,1307,ddel4
4447924,49204,acy2k
4447924,350198,ch1m5
4447924,4077601,esout
4447924,6212099,mgibh
4562619,1362,gmcro
4562619,48188,lmcgq
4562619,315649,jokan
4562619,351643,zhark
4562619,1499459,dquid
4641498,1013,scone
4641498,1434,cstiw
4678922,1017,cspag
4678922,1483721,msch6
4678922,10600860,raltm
4678922,12358669,hsjoe
4679440,1317,cgon2
4679440,1425,Jsied
4679440,350775,achpj
4705895,48061,ajady
4705895,139310,jfox4
4705895,350598,sbunt
4705895,352232,akpaa
4705895,1083361,jhorx
4705895,1338781,aguqz
4705895,2633487,mkuol
4705895,5813184,jpavj
4705895,6406132,jkucz
4719689,331435,cvarl
4719689,1243442,pbarb
4719689,1669235,pnooo
4719689,2342978,JOWA0
4719689,9101410,kbat8
4719689,9135721,mmadeysk
4763160,1431,mst2z
4763160,10350117,llomo
4885925,15112,mbenl
4885925,134957,jkooq
4885925,924189,srayb
4958037,1013,scone
4958037,74931,yhpri
4965377,350381,gsoeder
4965377,1037483,pyedor
5039470,1017,cspag
5039470,1483721,msch6
5039470,1486497,ddowo
5039470,1569531,mkist
5039470,4959341,ndia3
5148302,351739,mhole
5242276,48188,lmcgq
5242276,55980,mbown
5242276,351643,zhark
5242276,914960,mmo2r
5242276,1499459,dquid
5286401,1367,cmck6
5300162,1324,hmcgi
5300162,350895,kdahl
5300162,351215,dlindhol
5300162,351928,jjose
5300162,352560,gmadk
5300162,2421639,yshau
5300162,3323720,sscjc
5300162,4096913,pcroz
5300162,4427546,garaf
5300162,8285217,ocumm
5312704,66874,a1999
5312704,74931,yhpri
5312704,721429,kchi3
5382338,6359861,ldham
5502440,55980,mbown
5547044,100707,RMOLINA
5547044,126288,sdimi
5627039,1437,wswaa
5627039,14874,emakdah
5627039,355361,jskem
5627039,3323720,sscjc
5627039,10739172,salm8
5686693,350482,jblb9
5686693,351437,sgint
5686693,352560,gmadk
5686693,352754,jmcce
5686693,354281,jro2r
5732618,1446,jwas3
5732618,44208,jhansen
5732618,454151,tmali
5732618,897131,acj2t
5732618,924186,cbrua
5732618,924188,mnanj
5732618,924190,rsmyu
5732618,928712,pture
5732618,5610055,staal
5732618,5721124,efong
5741237,9775779,rrodl
5769983,14562,pdoct
5769983,66874,a1999
5769983,74931,yhpri
5769983,883414,igugl
5777806,76295,akasp
6008933,74931,yhpri
6032095,74931,yhpri
6205331,354286,foodo
6205331,967918,mwatts
6361528,45821,bkeit
6484843,350778,dchou
6484843,350831,hcooo
6484843,351145,bduan
6484843,351236,efarr
6484843,352172,mkodi
6484843,354163,bnagu
6484843,354286,foodo
6484843,967918,mwatts
6484843,1431964,rvaiy
6484843,6793096,gtati
6484843,7344531,jcocp
6484857,354286,foodo
6571563,354923,orodv
6571563,894775,sedeo
6571563,909348,rtala
6571563,928712,pture
6571563,1600455,tpark
6571563,3466245,eidze
6571563,5269959,kraoq
6663876,1330,shyaa
6663876,70869,lleaf
6663876,320264,kga32
6663876,352470,clewf
6663876,1379371,khysl
6663876,5846942,tfit4
6663876,5965852,C3389
6663876,7177011,edal2
6663876,7465184,wvanc
6704786,354286,foodo
6704788,354286,foodo
6738749,55163,ggumb
6738749,134957,jkooq
6738749,6162025,gmelm
7011107,1331,ingamsdp
7011107,49204,acy2k
7284961,14562,pdoct
7284961,280453,bkana
7284961,354490,ddef0
7284961,950190,rsauo
7284961,4417635,acq8n
7284961,7177672,kric8
7586536,1014,twi3d
7586536,1364,cmchq
8361648,1293,mbenf
8361648,351149,cdudd
8485974,8046,dca3p
8485974,80420,msmjz
8691243,355966,swiest
8691243,6056031,jhawg
8900779,42675,pagrf
8900779,350363,aradd
8921614,352916,ameh4
8921614,354771,hranc
8921614,6059890,hmcmu
8921614,6374249,rdalu
8921614,7619633,nmehz
8993781,15101,ragaw
8993781,355537,asunx
8993781,5223089,dchor
8993781,7057937,ganim
8993781,12008644,bvarj
8993781,12008848,srapw
9191973,1316,rgilk
9191973,15112,mbenl
9191973,15241,mparisi
9191973,35806,nbaio
9191973,81295,ehenm
9191973,81761,nnanm
9191973,81841,rbarr
9191973,81842,jchig
9191973,82845,vyaaa
9191973,90642,rgas9
9191973,90643,skunp
9191973,90644,aroy1
9191973,90646,kche2
9191973,90659,pkaad
9191973,90666,gwhit
9191973,90672,ksunh
9191973,101205,tbus8
9191973,101740,dtyaj
9191973,101742,jdume
9191973,109454,pmas2
9191973,141330,smbai
9191973,188350,rchcn
9191973,255913,cdecl
9191973,281026,dpavh
9191973,302449,ssv99
9191973,314897,jbrqj
9191973,350414,sberz
9191973,351414,dghou
9191973,355032,csalg
9191973,432773,drocw
9191973,432782,nkums
9191973,924189,srayb
9191973,1029786,dteni
9191973,6188462,nbose
9254075,1463,scarr
9254075,87502,ssaqj
9254075,87520,kcosc
9254075,128214,jcau4
9254075,352445,vouen
9254075,384708,anard
9254075,6092656,jlawi
9254075,9680829,bbrqs
9254075,9680830,bmauu
9254075,9831561,rbokl
9575370,354163,bnagu
9575370,354286,foodo
9575370,374630,jsuqi
9575370,662764,chadl
9575370,1261359,adatk
9575370,1307376,cloph
9575370,1310061,bzwaa
9575370,1310177,rvarh
9575370,9407249,rsche
9754633,1013,scone
9763046,1013,scone
9763046,1431,mst2z
9763046,1432,tstbb
9763046,17308,marnt
9763046,384709,osmpesc
9800373,9683091,jkemy
9800373,13927972,bhinm
9980881,1427,rsingh1
9980881,42871,aken2
9980881,134957,jkooq
9980881,266143,sth37
9980881,339249,mmc38
9980881,355159,sshah1
9980881,355494,tsti2
9980881,6270308,vjayk
9980881,6392648,kfarc
10216716,75984,kmals
10216716,83740,tnewx
10216716,255992,mhong
10216716,1592793,aputz
10216716,4655589,sbeda
10216716,6930552,mspio
10216716,8875364,wgask
10456067,1306,jdehp
10456067,1342,lkinz
10456067,1447,aando
10456067,49203,sfreg
10456067,49204,acy2k
10456067,6428287,amimz
10456067,7178369,mgasz
10529691,15144,vgivb
10529691,90100,tbucc
10529691,228530,mnath
10529691,231908,sali4
10529691,351685,shegf
10529691,354300,kolsb
10529691,812361,jsmbh
10529691,829499,jcatc
10529691,1074038,psbm4
10529691,1079548,jpoaf
10529691,1099307,ncarr
10529691,4658128,ACTJT
10529691,5899265,jstcz
10529691,8333815,snaob
10529691,12128903,btarx
10638329,1013,scone
10638329,1286,aandn
10638329,1290,nbatl
10638329,1367,cmck6
10638329,1378,kgarw
10638329,1421,dscott
10638329,1422,tseab
10638329,1432,tstbb
10638329,1439,Acrzh
10638329,114336,nallf
10638329,134957,jkooq
10638329,225103,cbaln
10638329,343256,ropri
10638329,897131,acj2t
10638329,924189,srayb
10638329,2647017,mvana
10638329,4578415,nedmx
10638329,5721124,efong
10638329,8171251,kcrpa
10638329,9319713,mmuzu
10947681,1014,twi3d
10947681,1365,jmc26
10947681,87531,ghurle
10947681,87547,smuvw
10947681,350423,kbhak
10947681,1431436,ptiuo
11074097,75984,kmals
11393005,1425,Jsied
11393005,48154,jmcby
11393005,50907,mkrug
11393005,66878,tmorz
11393005,70869,lleaf
11393005,76286,dkrug
11393005,350167,salsv
11393005,350482,jblb9
11393005,352451,slegn
11393005,959356,PPURANIK
11393005,959369,GSATHE
11393005,959615,dpeco
11393005,1144545,mboom
11393005,1651105,CHA0G
11393005,1651570,jbanb
11393005,4417635,acq8n
11393005,7686567,SBEDD
11393005,10184211,plawc
11393005,11460321,pkumpula
11614468,351912,sjoi2
11614481,351912,sjoi2
11878065,354163,bnagu
11878065,354286,foodo
11878065,374630,jsuqi
11878065,1261359,adatk
12146181,10258336,jostt
12211009,42871,aken2
12211009,66948,bpald
12211009,80719,slopez
12211009,231447,dblon
12211009,255992,mhong
12211009,302008,azuaa
12211009,351663,choog
12211009,1083361,jhorx
12211009,1412538,rsunb
12211009,2175623,afrol
12211009,2175957,broch
12211009,2200241,Bklme
12211009,2211581,bcial
12211009,2356754,sperl
12211009,2827074,lvans
12211009,2928297,jtedn
12211009,3430893,hpatd
12211009,4688329,scoc8
12211009,7154363,jcapi
12211009,8906612,jabbp
12211009,9275528,awiri
12211009,11273084,ksemi
12211009,11977483,ckiom
12211009,11977489,wparz
12211009,12463858,osephie
12496738,42235,sbins
12496738,83599,jreds
13187822,2248457,smar9
13187822,5722458,ahuwe
13187822,5722473,broln
13187822,13111159,jgrf7
13187822,13111162,salbj
13187822,14111951,gbirc
13187822,14111953,mmovh
13187822,14111956,dfor2
13321898,240873,rocon
13321898,352738,emc3t
13321898,353100,vmuri
13321898,355127,msco8
13321898,355154,nshbq
13321898,884190,zirwi
13321898,1427491,jbo2e
13321898,10207330,mfar8
13517830,4655589,sbeda
13517830,11977489,wparz
13517830,12014550,ahoxa
13659578,1401,epudlo
13856416,1312,jgarl
13856416,1336,akauu
13856416,1362,gmcro
13856416,15137,kfaab
13856416,15241,mparisi
13856416,82823,rmudd
13856416,137898,dcho9
13858169,1336,akauu
13858169,1362,gmcro
13858169,15137,kfaab
13858169,15241,mparisi
13858169,35905,wbran
13858169,67747,klin9
13858169,74546,kvaug
13858169,82841,sveea
13858169,137901,skhaq
13858169,352602,amalo
13858169,910046,athpm
13858169,920029,kburp
13858169,6051910,jbuu7
13952366,1336,akauu
13952366,15137,kfaab
13952366,15241,mparisi
13952366,67747,klin9
13952366,82841,sveea
13952366,2886751,hstaf
14257356,1286,aandn
14257356,1627758,mrathbun